Name|||Gender|||Birthday|||Email|||Phone|||Representative
Alice Johnson|||女|||1987-01-17|||alice@example.com|||+1 650 555 4000|||Company B
Bob Smith|||女|||1992-01-22|||fahad@example.com|||+86 1350005000|||Company E
Carlos Ruiz|||女|||1985-01-15|||hiroshi@example.com|||+1 650 555 3000|||Company C
Diana Wei|||男|||1986-01-16|||isabella@example.com|||+1 650 555 3000|||Company B
Elena Petrova|||男|||1992-01-22|||hiroshi@example.com|||+86 1350002000|||Company A
Fahad Al-Harbi|||男|||1991-01-21|||isabella@example.com|||+86 1350002000|||Company G
Gina Rinehart|||男|||1993-01-23|||fahad@example.com|||+86 1350003000|||Company G
Hiroshi Nakamura|||男|||1990-01-20|||carlos@example.com|||+1 650 555 2000|||Company J
Isabella Rossi|||女|||1987-01-17|||fahad@example.com|||+86 1350002000|||Company H
James O'Neil|||男|||1989-01-19|||james@example.com|||+86 1350003000|||Company A
Alice Johnson1|||男|||1994-01-24|||carlos@example.com|||+1 650 555 2000|||Company I
Bob Smith1|||男|||1989-01-19|||elena@example.com|||+1 650 555 3000|||Company G
Carlos Ruiz1|||女|||1992-01-22|||bob@example.com|||+86 1350004000|||Company B
Diana Wei1|||女|||1986-01-16|||hiroshi@example.com|||+86 1350003000|||Company B
Elena Petrova1|||男|||1993-01-23|||bob@example.com|||+1 650 555 5000|||Company D
Fahad Al-Harbi1|||女|||1991-01-21|||hiroshi@example.com|||+86 1350003000|||Company A
Gina Rinehart1|||女|||1988-01-18|||james@example.com|||+1 650 555 4000|||Company D
Hiroshi Nakamura1|||男|||1993-01-23|||diana@example.com|||+1 650 555 3000|||Company G
Isabella Rossi1|||女|||1987-01-17|||carlos@example.com|||+86 1350001000|||Company E
James O'Neil1|||女|||1994-01-24|||diana@example.com|||+1 650 555 1000|||Company C
Alice Johnson2|||女|||1993-01-23|||bob@example.com|||+1 650 555 5000|||Company G
Bob Smith2|||女|||1994-01-24|||carlos@example.com|||+86 1350002000|||Company E
Carlos Ruiz2|||女|||1985-01-15|||james@example.com|||+1 650 555 5000|||Company B
Diana Wei2|||女|||1991-01-21|||gina@example.com|||+1 650 555 2000|||Company D
Elena Petrova2|||女|||1990-01-20|||diana@example.com|||+86 1350001000|||Company F
Fahad Al-Harbi2|||男|||1990-01-20|||isabella@example.com|||+1 650 555 5000|||Company B
Gina Rinehart2|||女|||1986-01-16|||bob@example.com|||+1 650 555 4000|||Company D
Hiroshi Nakamura2|||女|||1987-01-17|||carlos@example.com|||+86 1350004000|||Company B
Isabella Rossi2|||男|||1987-01-17|||diana@example.com|||+86 1350005000|||Company E
James O'Neil2|||男|||1989-01-19|||elena@example.com|||+86 1350004000|||Company C
Alice Johnson3|||女|||1992-01-22|||isabella@example.com|||+86 1350001000|||Company H
Bob Smith3|||女|||1993-01-23|||hiroshi@example.com|||+86 1350005000|||Company J
Carlos Ruiz3|||男|||1989-01-19|||diana@example.com|||+1 650 555 4000|||Company G
Diana Wei3|||男|||1993-01-23|||diana@example.com|||+86 1350004000|||Company C
Elena Petrova3|||男|||1993-01-23|||isabella@example.com|||+86 1350002000|||Company C
Fahad Al-Harbi3|||男|||1988-01-18|||elena@example.com|||+1 650 555 2000|||Company C
Gina Rinehart3|||女|||1985-01-15|||diana@example.com|||+86 1350004000|||Company I
Hiroshi Nakamura3|||女|||1990-01-20|||isabella@example.com|||+86 1350005000|||Company C
Isabella Rossi3|||女|||1989-01-19|||bob@example.com|||+1 650 555 1000|||Company A
James O'Neil3|||男|||1988-01-18|||gina@example.com|||+1 650 555 5000|||Company A
Alice Johnson4|||女|||1993-01-23|||bob@example.com|||+1 650 555 5000|||Company D
Bob Smith4|||女|||1989-01-19|||alice@example.com|||+86 1350003000|||Company F
Carlos Ruiz4|||女|||1987-01-17|||isabella@example.com|||+1 650 555 2000|||Company E
Diana Wei4|||男|||1987-01-17|||james@example.com|||+1 650 555 3000|||Company C
Elena Petrova4|||男|||1987-01-17|||isabella@example.com|||+86 1350001000|||Company E
Fahad Al-Harbi4|||女|||1991-01-21|||carlos@example.com|||+1 650 555 5000|||Company C
Gina Rinehart4|||男|||1994-01-24|||carlos@example.com|||+1 650 555 1000|||Company J
Hiroshi Nakamura4|||男|||1993-01-23|||diana@example.com|||+1 650 555 4000|||Company F
Isabella Rossi4|||男|||1986-01-16|||hiroshi@example.com|||+1 650 555 3000|||Company E
James O'Neil4|||女|||1987-01-17|||james@example.com|||+1 650 555 1000|||Company D
Alice Johnson5|||男|||1988-01-18|||james@example.com|||+86 1350004000|||Company D
Bob Smith5|||女|||1988-01-18|||gina@example.com|||+1 650 555 5000|||Company A
Carlos Ruiz5|||男|||1988-01-18|||carlos@example.com|||+1 650 555 3000|||Company G
Diana Wei5|||女|||1990-01-20|||bob@example.com|||+1 650 555 3000|||Company I
Elena Petrova5|||男|||1991-01-21|||gina@example.com|||+1 650 555 1000|||Company E
Fahad Al-Harbi5|||男|||1988-01-18|||james@example.com|||+1 650 555 4000|||Company D
Gina Rinehart5|||男|||1990-01-20|||gina@example.com|||+1 650 555 4000|||Company E
Hiroshi Nakamura5|||男|||1985-01-15|||carlos@example.com|||+86 1350002000|||Company G
Isabella Rossi5|||女|||1994-01-24|||alice@example.com|||+86 1350005000|||Company B
James O'Neil5|||女|||1992-01-22|||james@example.com|||+1 650 555 4000|||Company I
Alice Johnson6|||男|||1990-01-20|||alice@example.com|||+86 1350001000|||Company B
Bob Smith6|||男|||1994-01-24|||elena@example.com|||+86 1350001000|||Company A
Carlos Ruiz6|||女|||1991-01-21|||carlos@example.com|||+1 650 555 3000|||Company C
Diana Wei6|||男|||1992-01-22|||fahad@example.com|||+86 1350003000|||Company A
Elena Petrova6|||男|||1994-01-24|||gina@example.com|||+86 1350004000|||Company A
Fahad Al-Harbi6|||男|||1989-01-19|||elena@example.com|||+1 650 555 2000|||Company I
Gina Rinehart6|||男|||1994-01-24|||fahad@example.com|||+86 1350004000|||Company D
Hiroshi Nakamura6|||男|||1988-01-18|||bob@example.com|||+86 1350003000|||Company A
Isabella Rossi6|||男|||1987-01-17|||fahad@example.com|||+1 650 555 1000|||Company F
James O'Neil6|||女|||1989-01-19|||elena@example.com|||+86 1350005000|||Company D
Alice Johnson7|||女|||1987-01-17|||diana@example.com|||+86 1350005000|||Company J
Bob Smith7|||女|||1985-01-15|||hiroshi@example.com|||+86 1350002000|||Company G
Carlos Ruiz7|||女|||1992-01-22|||bob@example.com|||+1 650 555 2000|||Company J
Diana Wei7|||女|||1985-01-15|||gina@example.com|||+86 1350001000|||Company E
Elena Petrova7|||女|||1994-01-24|||carlos@example.com|||+86 1350003000|||Company E
Fahad Al-Harbi7|||男|||1992-01-22|||elena@example.com|||+86 1350001000|||Company H
Gina Rinehart7|||男|||1994-01-24|||james@example.com|||+1 650 555 5000|||Company G
Hiroshi Nakamura7|||男|||1989-01-19|||carlos@example.com|||+86 1350001000|||Company G
Isabella Rossi7|||男|||1992-01-22|||carlos@example.com|||+86 1350003000|||Company E
James O'Neil7|||男|||1986-01-16|||bob@example.com|||+1 650 555 2000|||Company D
Alice Johnson8|||男|||1991-01-21|||carlos@example.com|||+86 1350005000|||Company C
Bob Smith8|||女|||1989-01-19|||fahad@example.com|||+86 1350001000|||Company F
Carlos Ruiz8|||男|||1992-01-22|||hiroshi@example.com|||+1 650 555 5000|||Company G
Diana Wei8|||男|||1990-01-20|||gina@example.com|||+86 1350002000|||Company F
Elena Petrova8|||男|||1991-01-21|||elena@example.com|||+1 650 555 5000|||Company F
Fahad Al-Harbi8|||女|||1992-01-22|||bob@example.com|||+86 1350003000|||Company A
Gina Rinehart8|||男|||1990-01-20|||fahad@example.com|||+1 650 555 2000|||Company I
Hiroshi Nakamura8|||男|||1985-01-15|||alice@example.com|||+86 1350001000|||Company I
Isabella Rossi8|||男|||1990-01-20|||elena@example.com|||+86 1350005000|||Company D
James O'Neil8|||女|||1986-01-16|||fahad@example.com|||+1 650 555 1000|||Company J
Alice Johnson9|||女|||1987-01-17|||hiroshi@example.com|||+86 1350005000|||Company G
Bob Smith9|||女|||1991-01-21|||isabella@example.com|||+86 1350004000|||Company D
Carlos Ruiz9|||女|||1985-01-15|||bob@example.com|||+86 1350001000|||Company E
Diana Wei9|||女|||1992-01-22|||bob@example.com|||+86 1350002000|||Company G
Elena Petrova9|||男|||1991-01-21|||diana@example.com|||+1 650 555 4000|||Company I
Fahad Al-Harbi9|||女|||1986-01-16|||alice@example.com|||+1 650 555 3000|||Company B
Gina Rinehart9|||男|||1993-01-23|||bob@example.com|||+86 1350004000|||Company C
Hiroshi Nakamura9|||女|||1985-01-15|||hiroshi@example.com|||+1 650 555 4000|||Company I
Isabella Rossi9|||男|||1993-01-23|||hiroshi@example.com|||+86 1350002000|||Company A
James O'Neil9|||男|||1990-01-20|||carlos@example.com|||+1 650 555 3000|||Company E
zwt|||male|||2003-12-06|||2764636334@qq.com|||15388011553|||myhayo
